<?xml version="1.0" encoding="UTF-8"?>
<con:soapui-project id="0060587a-2e0a-429a-acb5-9245658e59d6" activeEnvironment="Default" name="Trabalho1bimMedico" resourceRoot="" soapui-version="5.8.0" xmlns:con="http://eviware.com/soapui/config"><con:settings/><con:interface xsi:type="con:WsdlInterface" id="25b826ec-bc89-4157-8ff6-e4acfa8158b7" wsaVersion="NONE" name="MedicoWSImplServiceSoapBinding" type="wsdl" bindingName="{http://trabalho1bim.unipar.com/}MedicoWSImplServiceSoapBinding" soapVersion="1_1" anonymous="optional" definition="http://localhost:9090/Trabalho1bim-1.0-SNAPSHOT/MedicoWSImpl?wsdl" xmlns:xsi="http://www.w3.org/2001/XMLSchema-instance"><con:settings/><con:definitionCache type="TEXT" rootPart="http://localhost:9090/Trabalho1bim-1.0-SNAPSHOT/MedicoWSImpl?wsdl"><con:part><con:url>http://localhost:9090/Trabalho1bim-1.0-SNAPSHOT/MedicoWSImpl?wsdl</con:url><con:content><![CDATA[<wsdl:definitions name="MedicoWSImplService" targetNamespace="http://trabalho1bim.unipar.com/" xmlns:xsd="http://www.w3.org/2001/XMLSchema" xmlns:wsdl="http://schemas.xmlsoap.org/wsdl/" xmlns:tns="http://trabalho1bim.unipar.com/" xmlns:soap="http://schemas.xmlsoap.org/wsdl/soap/" xmlns:ns1="http://schemas.xmlsoap.org/soap/http">
  <wsdl:types>
    <xs:schema attributeFormDefault="unqualified" elementFormDefault="unqualified" targetNamespace="http://trabalho1bim.unipar.com/" version="1.0" xmlns:xs="http://www.w3.org/2001/XMLSchema">
      <xs:element name="buscarTodos" type="tns:buscarTodos"/>
      <xs:element name="buscarTodosResponse" type="tns:buscarTodosResponse"/>
      <xs:element name="editar" type="tns:editar"/>
      <xs:element name="editarResponse" type="tns:editarResponse"/>
      <xs:element name="inserir" type="tns:inserir"/>
      <xs:element name="inserirResponse" type="tns:inserirResponse"/>
      <xs:complexType name="inserir">
        <xs:sequence>
          <xs:element minOccurs="0" name="arg0" type="tns:medicoInsertRequestDTO"/>
        </xs:sequence>
      </xs:complexType>
      <xs:complexType name="medicoInsertRequestDTO">
        <xs:sequence>
          <xs:element minOccurs="0" name="bairro" type="xs:string"/>
          <xs:element minOccurs="0" name="complemento" type="xs:string"/>
          <xs:element minOccurs="0" name="crm" type="xs:string"/>
          <xs:element minOccurs="0" name="email" type="xs:string"/>
          <xs:element minOccurs="0" name="especialidade" type="xs:string"/>
          <xs:element minOccurs="0" name="logradouro" type="xs:string"/>
          <xs:element minOccurs="0" name="nome" type="xs:string"/>
          <xs:element minOccurs="0" name="numero" type="xs:string"/>
          <xs:element minOccurs="0" name="telefone" type="xs:string"/>
        </xs:sequence>
      </xs:complexType>
      <xs:complexType name="inserirResponse">
        <xs:sequence>
          <xs:element minOccurs="0" name="return" type="tns:medico"/>
        </xs:sequence>
      </xs:complexType>
      <xs:complexType name="medico">
        <xs:sequence>
          <xs:element name="ativo" type="xs:boolean"/>
          <xs:element minOccurs="0" name="bairro" type="xs:string"/>
          <xs:element minOccurs="0" name="complemento" type="xs:string"/>
          <xs:element minOccurs="0" name="crm" type="xs:string"/>
          <xs:element minOccurs="0" name="email" type="xs:string"/>
          <xs:element minOccurs="0" name="especialidade" type="xs:string"/>
          <xs:element minOccurs="0" name="id" type="xs:int"/>
          <xs:element minOccurs="0" name="logradouro" type="xs:string"/>
          <xs:element minOccurs="0" name="nome" type="xs:string"/>
          <xs:element minOccurs="0" name="numero" type="xs:string"/>
          <xs:element minOccurs="0" name="telefone" type="xs:string"/>
        </xs:sequence>
      </xs:complexType>
      <xs:complexType name="buscarTodos">
        <xs:sequence/>
      </xs:complexType>
      <xs:complexType name="buscarTodosResponse">
        <xs:sequence>
          <xs:element maxOccurs="unbounded" minOccurs="0" name="return" type="tns:medico"/>
        </xs:sequence>
      </xs:complexType>
      <xs:complexType name="editar">
        <xs:sequence>
          <xs:element minOccurs="0" name="arg0" type="tns:medicoUpdateRequestDTO"/>
        </xs:sequence>
      </xs:complexType>
      <xs:complexType name="medicoUpdateRequestDTO">
        <xs:sequence>
          <xs:element minOccurs="0" name="bairro" type="xs:string"/>
          <xs:element minOccurs="0" name="complemento" type="xs:string"/>
          <xs:element minOccurs="0" name="id" type="xs:long"/>
          <xs:element minOccurs="0" name="logradouro" type="xs:string"/>
          <xs:element minOccurs="0" name="nome" type="xs:string"/>
          <xs:element minOccurs="0" name="numero" type="xs:string"/>
          <xs:element minOccurs="0" name="telefone" type="xs:string"/>
        </xs:sequence>
      </xs:complexType>
      <xs:complexType name="editarResponse">
        <xs:sequence>
          <xs:element minOccurs="0" name="return" type="tns:medico"/>
        </xs:sequence>
      </xs:complexType>
      <xs:element name="BusinessException" type="tns:BusinessException"/>
      <xs:complexType name="BusinessException">
        <xs:sequence>
          <xs:element minOccurs="0" name="message" type="xs:string"/>
        </xs:sequence>
      </xs:complexType>
    </xs:schema>
  </wsdl:types>
  <wsdl:message name="BusinessException">
    <wsdl:part element="tns:BusinessException" name="BusinessException"></wsdl:part>
  </wsdl:message>
  <wsdl:message name="inserir">
    <wsdl:part element="tns:inserir" name="parameters"></wsdl:part>
  </wsdl:message>
  <wsdl:message name="editar">
    <wsdl:part element="tns:editar" name="parameters"></wsdl:part>
  </wsdl:message>
  <wsdl:message name="editarResponse">
    <wsdl:part element="tns:editarResponse" name="parameters"></wsdl:part>
  </wsdl:message>
  <wsdl:message name="inserirResponse">
    <wsdl:part element="tns:inserirResponse" name="parameters"></wsdl:part>
  </wsdl:message>
  <wsdl:message name="buscarTodos">
    <wsdl:part element="tns:buscarTodos" name="parameters"></wsdl:part>
  </wsdl:message>
  <wsdl:message name="buscarTodosResponse">
    <wsdl:part element="tns:buscarTodosResponse" name="parameters"></wsdl:part>
  </wsdl:message>
  <wsdl:portType name="MedicoWSImpl">
    <wsdl:operation name="inserir">
      <wsdl:input message="tns:inserir" name="inserir"></wsdl:input>
      <wsdl:output message="tns:inserirResponse" name="inserirResponse"></wsdl:output>
      <wsdl:fault message="tns:BusinessException" name="BusinessException"></wsdl:fault>
    </wsdl:operation>
    <wsdl:operation name="buscarTodos">
      <wsdl:input message="tns:buscarTodos" name="buscarTodos"></wsdl:input>
      <wsdl:output message="tns:buscarTodosResponse" name="buscarTodosResponse"></wsdl:output>
      <wsdl:fault message="tns:BusinessException" name="BusinessException"></wsdl:fault>
    </wsdl:operation>
    <wsdl:operation name="editar">
      <wsdl:input message="tns:editar" name="editar"></wsdl:input>
      <wsdl:output message="tns:editarResponse" name="editarResponse"></wsdl:output>
      <wsdl:fault message="tns:BusinessException" name="BusinessException"></wsdl:fault>
    </wsdl:operation>
  </wsdl:portType>
  <wsdl:binding name="MedicoWSImplServiceSoapBinding" type="tns:MedicoWSImpl">
    <soap:binding style="document" transport="http://schemas.xmlsoap.org/soap/http"/>
    <wsdl:operation name="inserir">
      <soap:operation soapAction="" style="document"/>
      <wsdl:input name="inserir">
        <soap:body use="literal"/>
      </wsdl:input>
      <wsdl:output name="inserirResponse">
        <soap:body use="literal"/>
      </wsdl:output>
      <wsdl:fault name="BusinessException">
        <soap:fault name="BusinessException" use="literal"/>
      </wsdl:fault>
    </wsdl:operation>
    <wsdl:operation name="buscarTodos">
      <soap:operation soapAction="" style="document"/>
      <wsdl:input name="buscarTodos">
        <soap:body use="literal"/>
      </wsdl:input>
      <wsdl:output name="buscarTodosResponse">
        <soap:body use="literal"/>
      </wsdl:output>
      <wsdl:fault name="BusinessException">
        <soap:fault name="BusinessException" use="literal"/>
      </wsdl:fault>
    </wsdl:operation>
    <wsdl:operation name="editar">
      <soap:operation soapAction="" style="document"/>
      <wsdl:input name="editar">
        <soap:body use="literal"/>
      </wsdl:input>
      <wsdl:output name="editarResponse">
        <soap:body use="literal"/>
      </wsdl:output>
      <wsdl:fault name="BusinessException">
        <soap:fault name="BusinessException" use="literal"/>
      </wsdl:fault>
    </wsdl:operation>
  </wsdl:binding>
  <wsdl:service name="MedicoWSImplService">
    <wsdl:port binding="tns:MedicoWSImplServiceSoapBinding" name="MedicoWSImplPort">
      <soap:address location="http://localhost:9090/Trabalho1bim-1.0-SNAPSHOT/MedicoWSImpl"/>
    </wsdl:port>
  </wsdl:service>
</wsdl:definitions>]]></con:content><con:type>http://schemas.xmlsoap.org/wsdl/</con:type></con:part></con:definitionCache><con:endpoints><con:endpoint>http://localhost:9090/Trabalho1bim-1.0-SNAPSHOT/MedicoWSImpl</con:endpoint></con:endpoints><con:operation id="1361b68d-10ae-4f3a-9abe-1eb0a5d1dc25" isOneWay="false" action="" name="inserir" bindingOperationName="inserir" type="Request-Response" outputName="inserirResponse" inputName="inserir" receivesAttachments="false" sendsAttachments="false" anonymous="optional"><con:settings/><con:call id="6a58880c-6aca-468b-95b1-d409ce50cf93" name="Request 1"><con:settings><con:setting id="com.eviware.soapui.impl.wsdl.WsdlRequest@request-headers">&lt;xml-fragment/></con:setting></con:settings><con:encoding>UTF-8</con:encoding><con:endpoint>http://localhost:9090/Trabalho1bim-1.0-SNAPSHOT/MedicoWSImpl</con:endpoint><con:request><![CDATA[<soapenv:Envelope xmlns:soapenv="http://schemas.xmlsoap.org/soap/envelope/" xmlns:trab="http://trabalho1bim.unipar.com/">\r
   <soapenv:Header/>\r
   <soapenv:Body>\r
      <trab:inserir>\r
         <!--Optional:-->\r
         <arg0>\r
            <!--Optional:-->\r
            <bairro>Coopagro</bairro>\r
            <!--Optional:-->\r
            <complemento>Casa</complemento>\r
            <!--Optional:-->\r
            <crm>123456</crm>\r
            <!--Optional:-->\r
            <email>medico@gmail.com</email>\r
            <!--Optional:-->\r
            <especialidade>medico</especialidade>\r
            <!--Optional:-->\r
            <logradouro>rua</logradouro>\r
            <!--Optional:-->\r
            <nome>Eduarda</nome>\r
            <!--Optional:-->\r
            <numero>15</numero>\r
            <!--Optional:-->\r
            <telefone>45999196861</telefone>\r
         </arg0>\r
      </trab:inserir>\r
   </soapenv:Body>\r
</soapenv:Envelope>]]></con:request><con:credentials><con:authType>No Authorization</con:authType></con:credentials><con:jmsConfig JMSDeliveryMode="PERSISTENT"/><con:jmsPropertyConfig/><con:wsaConfig mustUnderstand="NONE" version="200508" action="http://trabalho1bim.unipar.com/MedicoWSImpl/inserir"/><con:wsrmConfig version="1.2"/></con:call></con:operation><con:operation id="cf3fceec-756c-4263-a9f5-ea340eb42111" isOneWay="false" action="" name="editar" bindingOperationName="editar" type="Request-Response" outputName="editarResponse" inputName="editar" receivesAttachments="false" sendsAttachments="false" anonymous="optional"><con:settings/><con:call id="021ef10c-3261-4e16-b182-f56e2ff613ec" name="Request 1"><con:settings><con:setting id="com.eviware.soapui.impl.wsdl.WsdlRequest@request-headers">&lt;xml-fragment/></con:setting></con:settings><con:encoding>UTF-8</con:encoding><con:endpoint>http://localhost:9090/Trabalho1bim-1.0-SNAPSHOT/MedicoWSImpl</con:endpoint><con:request><![CDATA[<soapenv:Envelope xmlns:soapenv="http://schemas.xmlsoap.org/soap/envelope/" xmlns:trab="http://trabalho1bim.unipar.com/">\r
   <soapenv:Header/>\r
   <soapenv:Body>\r
      <trab:editar>\r
         <!--Optional:-->\r
         <arg0>\r
            <!--Optional:-->\r
            <bairro>Parizotto</bairro>\r
            <!--Optional:-->\r
            <complemento>Casinha</complemento>\r
            <!--Optional:-->\r
            <id>1</id>\r
            <!--Optional:-->\r
            <logradouro>rua rua</logradouro>\r
            <!--Optional:-->\r
            <nome>Kauane</nome>\r
            <!--Optional:-->\r
            <numero>19</numero>\r
            <!--Optional:-->\r
            <telefone>45999510763</telefone>\r
         </arg0>\r
      </trab:editar>\r
   </soapenv:Body>\r
</soapenv:Envelope>]]></con:request><con:credentials><con:authType>No Authorization</con:authType></con:credentials><con:jmsConfig JMSDeliveryMode="PERSISTENT"/><con:jmsPropertyConfig/><con:wsaConfig mustUnderstand="NONE" version="200508" action="http://trabalho1bim.unipar.com/MedicoWSImpl/editar"/><con:wsrmConfig version="1.2"/></con:call></con:operation><con:operation id="9ffe5a76-795f-4678-94dd-1f1ed472fd3a" isOneWay="false" action="" name="buscarTodos" bindingOperationName="buscarTodos" type="Request-Response" outputName="buscarTodosResponse" inputName="buscarTodos" receivesAttachments="false" sendsAttachments="false" anonymous="optional"><con:settings/><con:call id="e3414970-a4d0-49ce-8c99-dda1cbd5f650" name="Request 1"><con:settings/><con:encoding>UTF-8</con:encoding><con:endpoint>http://localhost:9090/Trabalho1bim-1.0-SNAPSHOT/MedicoWSImpl</con:endpoint><con:request><![CDATA[<soapenv:Envelope xmlns:soapenv="http://schemas.xmlsoap.org/soap/envelope/" xmlns:trab="http://trabalho1bim.unipar.com/">\r
   <soapenv:Header/>\r
   <soapenv:Body>\r
      <trab:buscarTodos/>\r
   </soapenv:Body>\r
</soapenv:Envelope>]]></con:request><con:wsaConfig mustUnderstand="NONE" version="200508" action="http://trabalho1bim.unipar.com/MedicoWSImpl/buscarTodos"/></con:call></con:operation></con:interface><con:properties/><con:wssContainer/><con:oAuth2ProfileContainer/><con:oAuth1ProfileContainer/><con:sensitiveInformation/></con:soapui-project>